Регион;Код;Пол;Местность;2017;2018;2019;2020;2021;2022;2023
Центральный федеральный округ;30;Женщины;Городская местность;391790.0;425160.0;405052.0;360208.0;345491.0;352792.0;384935.0
Белгородская область;140;Женщины;Городская местность;13861.0;15431.0;14182.0;11476.0;10750.0;11568.0;13065.0
Брянская область;150;Женщины;Городская местность;13052.0;13527.0;11924.0;9919.0;9730.0;10132.0;9108.0
Владимирская область;170;Женщины;Городская местность;14425.0;14860.0;13442.0;10772.0;10834.0;11035.0;10185.0
Воронежская область;200;Женщины;Городская местность;19779.0;20126.0;18634.0;16095.0;15210.0;15422.0;13910.0
Ивановская область;240;Женщины;Городская местность;12467.0;12771.0;11583.0;10101.0;9702.0;9370.0;8656.0
Калужская область;290;Женщины;Городская местность;10262.0;10456.0;8532.0;7477.0;10118.0;10775.0;10220.0
Костромская область;340;Женщины;Городская местность;7659.0;7923.0;7131.0;6058.0;5789.0;5230.0;4864.0
Курская область;380;Женщины;Городская местность;10713.0;11743.0;11040.0;8687.0;8904.0;8915.0;8121.0
Липецкая область;420;Женщины;Городская местность;8334.0;9047.0;8437.0;6797.0;7224.0;6771.0;5982.0
Московская область;460;Женщины;Городская местность;103044.0;111262.0;109151.0;107153.0;99447.0;97923.0;104539.0
Орловская область;540;Женщины;Городская местность;6562.0;6838.0;5925.0;4717.0;4272.0;4330.0;4200.0
Рязанская область;610;Женщины;Городская местность;11469.0;11778.0;10920.0;9421.0;9299.0;9384.0;9225.0
Смоленская область;660;Женщины;Городская местность;10660.0;10750.0;10107.0;8325.0;8727.0;8992.0;8144.0
Тамбовская область;680;Женщины;Городская местность;8730.0;9197.0;8128.0;6456.0;6119.0;5792.0;5359.0
Тверская область;280;Женщины;Городская местность;14243.0;14377.0;13972.0;11781.0;12151.0;11778.0;11360.0
Тульская область;700;Женщины;Городская местность;13658.0;14127.0;12535.0;10650.0;10651.0;10667.0;9607.0
Ярославская область;780;Женщины;Городская местность;12753.0;13140.0;12575.0;10843.0;10113.0;10297.0;10061.0
Город Москва столица Российской Федерации город федерального значения;450;Женщины;Городская местность;100119.0;117807.0;116834.0;103480.0;96451.0;104411.0;138329.0
Северо-Западный федеральный округ;31;Женщины;Городская местность;218436.0;224421.0;210352.0;189211.0;192900.0;183193.0;176151.0
Республика Карелия;860;Женщины;Городская местность;8539.0;8396.0;7624.0;6198.0;6587.0;5780.0;5347.0
Республика Коми;870;Женщины;Городская местность;16116.0;15955.0;13818.0;11467.0;11605.0;11033.0;10208.0
Архангельская область;110;Женщины;Городская местность;17262.0;17617.0;15927.0;13073.0;13655.0;13138.0;13187.0
Ненецкий автономный округ (Архангельская область);111;Женщины;Городская местность;875.0;927.0;816.0;653.0;703.0;721.0;715.0
Архангельская область (кроме Ненецкого автономного округа);110;Женщины;Городская местность;16387.0;16690.0;15111.0;12420.0;12952.0;12417.0;12472.0
Вологодская область;190;Женщины;Городская местность;11364.0;10907.0;9502.0;7752.0;7663.0;6979.0;6518.0
Вологда;194;Женщины;Городская местность;4160.0;3742.0;3742.0;3742.0;3742.0;3742.0;3742.0
Череповец;194;Женщины;Городская местность;3345.0;3362.0;3362.0;3362.0;3362.0;3362.0;3362.0
Калининградская область;270;Женщины;Городская местность;11832.0;12944.0;13178.0;12099.0;13159.0;12858.0;12231.0
Ленинградская область;410;Женщины;Городская местность;20540.0;21083.0;21650.0;22227.0;22997.0;22527.0;22590.0
Мурманская область;470;Женщины;Городская местность;18178.0;17976.0;16704.0;13928.0;13693.0;12924.0;11966.0
Новгородская область;490;Женщины;Городская местность;8644.0;7741.0;7576.0;7238.0;7178.0;6671.0;6057.0
Псковская область;580;Женщины;Городская местность;8684.0;8645.0;8703.0;7452.0;7177.0;6524.0;6555.0
Город Санкт-Петербург город федерального значения;400;Женщины;Городская местность;97277.0;103157.0;95670.0;87777.0;89186.0;84759.0;81492.0
Южный федеральный округ (с 29.07.2016);40;Женщины;Городская местность;127865.0;131637.0;126874.0;114796.0;118367.0;119394.0;118478.0
Республика Адыгея (Адыгея);790;Женщины;Городская местность;3952.0;3633.0;3685.0;3386.0;3397.0;3522.0;3577.0
Республика Калмыкия;850;Женщины;Городская местность;3728.0;3733.0;3493.0;2890.0;3043.0;3296.0;2833.0
Республика Крым;350;Женщины;Городская местность;8190.0;8822.0;9272.0;10228.0;10155.0;10738.0;10395.0
Краснодарский край;300;Женщины;Городская местность;44526.0;45391.0;44740.0;39225.0;41530.0;40790.0;41581.0
Краснодар;340;Женщины;Городская местность;13115.0;13678.0;13678.0;13678.0;13678.0;13678.0;13678.0
Армавир;340;Женщины;Городская местность;1877.0;1804.0;1804.0;1804.0;1804.0;1804.0;1804.0
Новороссийск;342;Женщины;Городская местность;2628.0;2662.0;2662.0;2662.0;2662.0;2662.0;2662.0
Сочи;342;Женщины;Городская местность;7213.0;7969.0;7969.0;7969.0;7969.0;7969.0;7969.0
Астраханская область;120;Женщины;Городская местность;7490.0;7603.0;7119.0;6480.0;7165.0;7124.0;6508.0
Волгоградская область;180;Женщины;Городская местность;22288.0;23458.0;21585.0;18187.0;18113.0;18077.0;17842.0
Ростовская область;600;Женщины;Городская местность;32892.0;33347.0;31366.0;28091.0;27893.0;28172.0;27771.0
Город федерального значения Севастополь;670;Женщины;Городская местность;4799.0;5650.0;5614.0;6309.0;7071.0;7675.0;7971.0
Северо-Кавказский федеральный округ;38;Женщины;Городская местность;52731.0;54677.0;52477.0;44676.0;45114.0;44873.0;44750.0
Республика Дагестан;820;Женщины;Городская местность;11977.0;11614.0;11583.0;9457.0;9689.0;10097.0;10817.0
Республика Ингушетия;260;Женщины;Городская местность;1846.0;2130.0;1846.0;1953.0;2136.0;2254.0;1986.0
Кабардино-Балкарская Республика;830;Женщины;Городская местность;4633.0;4903.0;4198.0;3183.0;3255.0;3539.0;3049.0
Карачаево-Черкесская Республика;910;Женщины;Городская местность;2495.0;2616.0;2826.0;2679.0;2910.0;2779.0;2764.0
Республика Северная Осетия-Алания;900;Женщины;Городская местность;5128.0;5361.0;4624.0;3626.0;3363.0;3717.0;3254.0
Чеченская Республика;960;Женщины;Городская местность;4372.0;4658.0;4118.0;3446.0;3917.0;3983.0;4001.0
Ставропольский край;700;Женщины;Городская местность;22280.0;23395.0;23282.0;20332.0;19844.0;18504.0;18879.0
Приволжский федеральный округ;33;Женщины;Городская местность;265925.0;274533.0;249858.0;216134.0;222780.0;212885.0;206554.0
Республика Башкортостан;800;Женщины;Городская местность;38324.0;39985.0;37224.0;32388.0;34228.0;33226.0;33906.0
Республика Марий Эл;880;Женщины;Городская местность;7430.0;6996.0;7224.0;6392.0;6272.0;6533.0;6129.0
Республика Мордовия;890;Женщины;Городская местность;6726.0;6974.0;6511.0;5557.0;5750.0;5733.0;5365.0
Республика Татарстан (Татарстан);920;Женщины;Городская местность;30769.0;32163.0;29219.0;27681.0;29705.0;26065.0;26904.0
Удмуртская Республика;940;Женщины;Городская местность;13340.0;13576.0;11180.0;9849.0;10734.0;11142.0;10764.0
Чувашская Республика - Чувашия;970;Женщины;Городская местность;13384.0;13983.0;12298.0;10792.0;10216.0;9912.0;9695.0
Пермский край;570;Женщины;Городская местность;29283.0;30046.0;27220.0;23438.0;24004.0;22052.0;20607.0
Кировская область;330;Женщины;Городская местность;17960.0;18916.0;17777.0;15079.0;14987.0;15159.0;14856.0
Нижегородская область;220;Женщины;Городская местность;24906.0;25542.0;23477.0;20402.0;20490.0;19728.0;18365.0
Оренбургская область;530;Женщины;Городская местность;14755.0;14308.0;13571.0;11449.0;12214.0;11897.0;10983.0
Пензенская область;560;Женщины;Городская местность;10928.0;11022.0;9765.0;7556.0;7424.0;7198.0;7003.0
Самарская область;360;Женщины;Городская местность;25052.0;27120.0;23429.0;20360.0;21545.0;20053.0;19447.0
Саратовская область;630;Женщины;Городская местность;22561.0;22799.0;21233.0;17203.0;16921.0;16519.0;15573.0
Саратов;634;Женщины;Городская местность;8449.0;8449.0;8449.0;8449.0;8449.0;8449.0;8449.0
Балаково;634;Женщины;Городская местность;2009.0;2009.0;2009.0;2009.0;2009.0;2009.0;2009.0
Ульяновская область;730;Женщины;Городская местность;10507.0;11103.0;9730.0;7988.0;8290.0;7668.0;6957.0
Уральский федеральный округ;34;Женщины;Городская местность;156019.0;158208.0;144477.0;125881.0;128754.0;119356.0;113676.0
Курганская область;370;Женщины;Городская местность;9017.0;9485.0;8583.0;7793.0;7895.0;7081.0;6832.0
Свердловская область;650;Женщины;Городская местность;48292.0;48901.0;44166.0;38484.0;37768.0;34422.0;31830.0
Тюменская область;710;Женщины;Городская местность;63520.0;63585.0;58091.0;50383.0;52405.0;49513.0;47427.0
Ханты-Мансийский автономный округ - Югра (Тюменская область);711;Женщины;Городская местность;34940.0;33500.0;30784.0;26568.0;26568.0;26568.0;26568.0
Ямало-Ненецкий автономный округ (Тюменская область);711;Женщины;Городская местность;14985.0;15020.0;13387.0;11163.0;11293.0;10878.0;10045.0
Тюменская область (кроме Ханты-Мансийского автономного округа-Югры и Ямало-Ненецкого автономного округа);710;Женщины;Городская местность;13595.0;15065.0;13920.0;12652.0;12917.0;12627.0;12183.0
Челябинская область;750;Женщины;Городская местность;35190.0;36237.0;33637.0;29221.0;30686.0;28340.0;27587.0
Сибирский федеральный округ;35;Женщины;Городская местность;214375.0;214375.0;214375.0;214375.0;214375.0;214375.0;214375.0
Сибирский федеральный округ (с 03.11.2018);41;Женщины;Городская местность;197432.0;197432.0;175250.0;154151.0;159949.0;152891.0;143507.0
Республика Алтай;840;Женщины;Городская местность;2295.0;2007.0;2034.0;1852.0;1897.0;1780.0;1702.0
Республика Тыва;930;Женщины;Городская местность;4449.0;4507.0;3861.0;3744.0;4041.0;4386.0;3841.0
Республика Хакасия;950;Женщины;Городская местность;8040.0;8277.0;7187.0;6962.0;7406.0;6921.0;6700.0
Алтайский край;100;Женщины;Городская местность;17657.0;18354.0;17247.0;13705.0;15690.0;14041.0;13616.0
Чита;764;Женщины;Городская местность;4756.0;5130.0;5130.0;5130.0;5130.0;5130.0;5130.0
Красноярский край;400;Женщины;Городская местность;41596.0;43350.0;39632.0;37207.0;39371.0;38525.0;37761.0
Иркутская область;250;Женщины;Городская местность;27492.0;28129.0;23692.0;19787.0;19260.0;19330.0;17838.0
Кемеровская область - Кузбасс;320;Женщины;Городская местность;32375.0;34212.0;29830.0;25380.0;26221.0;24401.0;22437.0
Новосибирская область;500;Женщины;Городская местность;23552.0;25388.0;22049.0;20700.0;21702.0;21308.0;19882.0
Омская область;520;Женщины;Городская местность;17800.0;18838.0;16789.0;13924.0;14303.0;13074.0;11688.0
Томская область;690;Женщины;Городская местность;14330.0;14370.0;12929.0;10890.0;10058.0;9125.0;8042.0
Томск;694;Женщины;Городская местность;10780.0;10824.0;10824.0;10824.0;10824.0;10824.0;10824.0
Дальневосточный федеральный округ;36;Женщины;Городская местность;90845.0;90845.0;90845.0;90845.0;90845.0;90845.0;90845.0
Дальневосточный федеральный округ (с 03.11.2018);42;Женщины;Городская местность;117436.0;117436.0;108678.0;97213.0;99687.0;96737.0;89199.0
Республика Бурятия;810;Женщины;Городская местность;12496.0;13387.0;12292.0;11517.0;12208.0;11578.0;11034.0
Забайкальский край;760;Женщины;Городская местность;12293.0;12648.0;11546.0;9845.0;9761.0;9754.0;8730.0
Республика Саха (Якутия);980;Женщины;Городская местность;15090.0;14770.0;13825.0;12737.0;14085.0;13717.0;12766.0
Камчатский край;300;Женщины;Городская местность;4413.0;4733.0;4268.0;3937.0;3996.0;3611.0;3416.0
Приморский край;500;Женщины;Городская местность;25949.0;26975.0;25533.0;22694.0;22947.0;21776.0;20017.0
Хабаровский край;800;Женщины;Городская местность;19153.0;18762.0;17487.0;15301.0;16458.0;15830.0;14999.0
Амурская область;100;Женщины;Городская местность;10001.0;9849.0;8809.0;8238.0;7695.0;8299.0;6895.0
Магаданская область;440;Женщины;Городская местность;4036.0;4184.0;3788.0;3182.0;3230.0;3096.0;2816.0
Сахалинская область;640;Женщины;Городская местность;8030.0;8222.0;7183.0;6225.0;5842.0;5561.0;5396.0
Еврейская автономная область;990;Женщины;Городская местность;2300.0;1935.0;1900.0;1583.0;1771.0;1695.0;1430.0
Чукотский автономный округ;770;Женщины;Городская местность;1873.0;1971.0;2047.0;1954.0;1694.0;1820.0;1700.0
Энгельс;634;Женщины;Городская местность;2195.0;2195.0;2195.0;2195.0;2195.0;2195.0;2195.0
Северск;695;Женщины;Городская местность;1327.0;1388.0;1388.0;1388.0;1388.0;1388.0;1388.0
Центральный федеральный округ;30;Женщины;Сельская местность;671308.0;720470.0;670334.0;581934.0;565687.0;556288.0;575711.0
Белгородская область;140;Женщины;Сельская местность;31299.0;35461.0;32162.0;26446.0;25332.0;25176.0;29597.0
Брянская область;150;Женщины;Сельская местность;28336.0;29357.0;25112.0;21335.0;21670.0;20912.0;19296.0
Владимирская область;170;Женщины;Сельская местность;26393.0;27452.0;24250.0;18470.0;19914.0;19783.0;18151.0
Воронежская область;200;Женщины;Сельская местность;48211.0;48810.0;45408.0;37265.0;36598.0;34988.0;30870.0
Ивановская область;240;Женщины;Сельская местность;20959.0;21097.0;19595.0;16835.0;16298.0;15478.0;14154.0
Калужская область;290;Женщины;Сельская местность;20236.0;20544.0;16694.0;15019.0;20040.0;20827.0;18986.0
Костромская область;340;Женщины;Сельская местность;18949.0;19515.0;17961.0;15104.0;13799.0;11946.0;11370.0
Курская область;380;Женщины;Сельская местность;25469.0;28763.0;25992.0;20563.0;20366.0;19485.0;18103.0
Липецкая область;420;Женщины;Сельская местность;27140.0;28699.0;26679.0;21383.0;21912.0;19959.0;16686.0
Московская область;460;Женщины;Сельская местность;147508.0;160912.0;154107.0;146801.0;137245.0;134383.0;141741.0
Орловская область;540;Женщины;Сельская местность;15656.0;16532.0;14429.0;10849.0;10146.0;10090.0;9578.0
Рязанская область;610;Женщины;Сельская местность;26505.0;28040.0;23962.0;20609.0;20565.0;20690.0;19607.0
Смоленская область;660;Женщины;Сельская местность;21424.0;21654.0;20335.0;16739.0;17409.0;17524.0;16094.0
Тамбовская область;680;Женщины;Сельская местность;24748.0;25639.0;23580.0;18066.0;17001.0;15656.0;13969.0
Тверская область;280;Женщины;Сельская местность;28689.0;29243.0;27620.0;23687.0;23949.0;22648.0;20816.0
Тульская область;700;Женщины;Сельская местность;30780.0;30539.0;26637.0;22614.0;23249.0;22951.0;20323.0
Ярославская область;780;Женщины;Сельская местность;25501.0;25752.0;23663.0;20551.0;19683.0;19381.0;18041.0
Город Москва столица Российской Федерации город федерального значения;450;Женщины;Сельская местность;103505.0;122461.0;122148.0;109598.0;100511.0;104411.0;138329.0
Северо-Западный федеральный округ;31;Женщины;Сельская местность;332056.0;342507.0;317122.0;278639.0;286460.0;269605.0;258547.0
Республика Карелия;860;Женщины;Сельская местность;15997.0;16400.0;14376.0;11484.0;12875.0;11080.0;9977.0
Республика Коми;870;Женщины;Сельская местность;27574.0;27045.0;22820.0;20135.0;20445.0;18971.0;17766.0
Архангельская область;110;Женщины;Сельская местность;33804.0;35131.0;31107.0;25153.0;26875.0;25792.0;25937.0
Ненецкий автономный округ (Архангельская область);111;Женщины;Сельская местность;1609.0;1787.0;1576.0;1287.0;1317.0;1317.0;1245.0
Архангельская область (кроме Ненецкого автономного округа);110;Женщины;Сельская местность;32195.0;33344.0;29531.0;23866.0;25558.0;24475.0;24692.0
Вологодская область;190;Женщины;Сельская местность;27900.0;26671.0;22392.0;18246.0;18449.0;16059.0;14962.0
Калининградская область;270;Женщины;Сельская местность;20514.0;22354.0;23406.0;21137.0;23071.0;22082.0;21447.0
Ленинградская область;410;Женщины;Сельская местность;50804.0;53545.0;51426.0;44985.0;47175.0;46827.0;45736.0
Мурманская область;470;Женщины;Сельская местность;22058.0;21990.0;20810.0;17186.0;16485.0;15726.0;14732.0
Новгородская область;490;Женщины;Сельская местность;17598.0;17229.0;16328.0;15792.0;15618.0;13767.0;12275.0
Псковская область;580;Женщины;Сельская местность;18530.0;18985.0;18787.0;16744.0;16281.0;14542.0;14223.0
Южный федеральный округ (с 29.07.2016);40;Женщины;Сельская местность;296995.0;304497.0;288982.0;260548.0;272013.0;265960.0;263276.0
Республика Адыгея (Адыгея);790;Женщины;Сельская местность;11482.0;10959.0;10601.0;9926.0;11035.0;10664.0;11183.0
Республика Калмыкия;850;Женщины;Сельская местность;12696.0;12869.0;11819.0;9490.0;10111.0;10360.0;9413.0
Республика Крым;350;Женщины;Сельская местность;24426.0;25790.0;26944.0;30384.0;29487.0;30316.0;27675.0
Краснодарский край;300;Женщины;Сельская местность;107686.0;107893.0;101944.0;88981.0;95452.0;89828.0;91271.0
Астраханская область;120;Женщины;Сельская местность;16896.0;16751.0;16023.0;13940.0;15501.0;15036.0;14102.0
Волгоградская область;180;Женщины;Сельская местность;44286.0;47340.0;43095.0;35719.0;37209.0;35277.0;34072.0
Ростовская область;600;Женщины;Сельская местность;74298.0;76867.0;72640.0;65471.0;65777.0;66450.0;67375.0
Город федерального значения Севастополь;670;Женщины;Сельская местность;5225.0;6028.0;5916.0;6637.0;7441.0;8029.0;8185.0
Северо-Кавказский федеральный округ;38;Женщины;Сельская местность;155375.0;164275.0;156189.0;127416.0;130246.0;128935.0;133238.0
Республика Дагестан;820;Женщины;Сельская местность;46445.0;46950.0;43305.0;34897.0;35781.0;36537.0;39477.0
Республика Ингушетия;260;Женщины;Сельская местность;4266.0;5338.0;4560.0;4021.0;4028.0;4652.0;4678.0
Кабардино-Балкарская Республика;830;Женщины;Сельская местность;9893.0;10687.0;9196.0;7107.0;7137.0;7971.0;6981.0
Карачаево-Черкесская Республика;910;Женщины;Сельская местность;9185.0;9990.0;10080.0;9109.0;9754.0;9621.0;9792.0
Республика Северная Осетия-Алания;900;Женщины;Сельская местность;10554.0;11663.0;9204.0;7230.0;6575.0;6989.0;6948.0
Чеченская Республика;960;Женщины;Сельская местность;17504.0;17552.0;16622.0;12524.0;13745.0;14031.0;14061.0
Ставропольский край;700;Женщины;Сельская местность;57528.0;62095.0;63222.0;52528.0;53226.0;49134.0;51301.0
Приволжский федеральный округ;33;Женщины;Сельская местность;620321.0;638867.0;589664.0;505134.0;530572.0;493801.0;477076.0
Республика Башкортостан;800;Женщины;Сельская местность;114748.0;117871.0;111722.0;95034.0;104894.0;100284.0;102796.0
Республика Марий Эл;880;Женщины;Сельская местность;16632.0;16652.0;17462.0;15934.0;15430.0;15095.0;14133.0
Республика Мордовия;890;Женщины;Сельская местность;16902.0;17904.0;16453.0;13289.0;14004.0;13387.0;12309.0
Республика Татарстан (Татарстан);920;Женщины;Сельская местность;61807.0;63179.0;57369.0;53029.0;57197.0;50531.0;51220.0
Удмуртская Республика;940;Женщины;Сельская местность;39260.0;39560.0;32480.0;28201.0;31094.0;30464.0;28694.0
Чувашская Республика - Чувашия;970;Женщины;Сельская местность;38162.0;41469.0;34344.0;28962.0;29346.0;26250.0;24397.0
Пермский край;570;Женщины;Сельская местность;64251.0;65866.0;58358.0;50612.0;53954.0;48042.0;46423.0
Кировская область;330;Женщины;Сельская местность;38174.0;39700.0;36263.0;31455.0;31467.0;30603.0;29510.0
Нижегородская область;220;Женщины;Сельская местность;46846.0;48924.0;47127.0;42188.0;41474.0;37952.0;34279.0
Оренбургская область;530;Женщины;Сельская местность;45747.0;45182.0;45735.0;38171.0;40118.0;36293.0;33513.0
Пензенская область;560;Женщины;Сельская местность;25668.0;25822.0;24543.0;17848.0;17596.0;17080.0;16557.0
Самарская область;360;Женщины;Сельская местность;44022.0;47206.0;44055.0;37508.0;40757.0;36811.0;35901.0
Саратовская область;630;Женщины;Сельская местность;46361.0;46425.0;44021.0;36331.0;35823.0;35347.0;33099.0
Ульяновская область;730;Женщины;Сельская местность;21741.0;23107.0;19732.0;16572.0;17418.0;15662.0;14245.0
Уральский федеральный округ;34;Женщины;Сельская местность;258369.0;263524.0;239875.0;214453.0;220064.0;202490.0;191666.0
Курганская область;370;Женщины;Сельская местность;25559.0;28237.0;25005.0;23443.0;23869.0;21567.0;19942.0
Свердловская область;650;Женщины;Сельская местность;76276.0;77123.0;65648.0;59650.0;59656.0;53764.0;50048.0
Тюменская область;710;Женщины;Сельская местность;93570.0;94893.0;88219.0;76603.0;79415.0;74191.0;70511.0
Ханты-Мансийский автономный округ - Югра (Тюменская область);711;Женщины;Сельская местность;42342.0;41326.0;37478.0;32822.0;32822.0;32822.0;32822.0
Ямало-Ненецкий автономный округ (Тюменская область);711;Женщины;Сельская местность;19545.0;19670.0;17809.0;14727.0;15477.0;14222.0;13215.0
Тюменская область (кроме Ханты-Мансийского автономного округа-Югры и Ямало-Ненецкого автономного округа);710;Женщины;Сельская местность;31683.0;33897.0;32932.0;29054.0;29317.0;28043.0;26875.0
Челябинская область;750;Женщины;Сельская местность;62964.0;63271.0;61003.0;54757.0;57124.0;52968.0;51165.0
Сибирский федеральный округ;35;Женщины;Сельская местность;446151.0;446151.0;446151.0;446151.0;446151.0;446151.0;446151.0
Сибирский федеральный округ (с 03.11.2018);41;Женщины;Сельская местность;401766.0;401766.0;359998.0;317969.0;340343.0;321865.0;306493.0
Республика Алтай;840;Женщины;Сельская местность;12397.0;12521.0;11982.0;10660.0;11149.0;11120.0;10342.0
Республика Тыва;930;Женщины;Сельская местность;10855.0;10931.0;9127.0;7708.0;9845.0;11300.0;9817.0
Республика Хакасия;950;Женщины;Сельская местность;17532.0;17421.0;14973.0;14660.0;16050.0;14975.0;14612.0
Алтайский край;100;Женщины;Сельская местность;56353.0;61084.0;58755.0;49029.0;53252.0;48169.0;46054.0
Красноярский край;400;Женщины;Сельская местность;79436.0;82346.0;74498.0;70295.0;78317.0;75867.0;74213.0
Иркутская область;250;Женщины;Сельская местность;46972.0;48627.0;40306.0;35517.0;34940.0;35080.0;33854.0
Кемеровская область - Кузбасс;320;Женщины;Сельская местность;49539.0;50856.0;43664.0;37558.0;38913.0;35895.0;33827.0
Новосибирская область;500;Женщины;Сельская местность;41056.0;45500.0;42755.0;40010.0;43026.0;40412.0;38724.0
Омская область;520;Женщины;Сельская местность;42322.0;43926.0;39679.0;32592.0;35317.0;32170.0;30242.0
Томская область;690;Женщины;Сельская местность;28062.0;28554.0;24259.0;19940.0;19534.0;16877.0;14808.0
Дальневосточный федеральный округ;36;Женщины;Сельская местность;166503.0;166503.0;166503.0;166503.0;166503.0;166503.0;166503.0
Дальневосточный федеральный округ (с 03.11.2018);42;Женщины;Сельская местность;231402.0;231402.0;216558.0;190005.0;205827.0;197383.0;184261.0
Республика Бурятия;810;Женщины;Сельская местность;35538.0;36589.0;35672.0;32121.0;34812.0;32634.0;31786.0
Забайкальский край;760;Женщины;Сельская местность;26089.0;26536.0;25272.0;21185.0;22511.0;21392.0;19448.0
Республика Саха (Якутия);980;Женщины;Сельская местность;32408.0;32082.0;29079.0;25067.0;32517.0;29991.0;29868.0
Камчатский край;300;Женщины;Сельская местность;7235.0;7793.0;7298.0;6751.0;6972.0;6531.0;6130.0
Приморский край;500;Женщины;Сельская местность;48363.0;50161.0;47765.0;41394.0;43763.0;41730.0;38475.0
Хабаровский край;800;Женщины;Сельская местность;32145.0;31984.0;29889.0;25663.0;28430.0;27110.0;25699.0
Амурская область;100;Женщины;Сельская местность;21349.0;21795.0;19587.0;18528.0;17605.0;19059.0;14921.0
Магаданская область;440;Женщины;Сельская местность;4666.0;4810.0;4374.0;3596.0;3616.0;3600.0;3156.0
Сахалинская область;640;Женщины;Сельская местность;13308.0;13130.0;11223.0;10127.0;9540.0;9133.0;9072.0
Еврейская автономная область;990;Женщины;Сельская местность;4326.0;3663.0;3458.0;2871.0;3453.0;3467.0;3086.0
Чукотский автономный округ;770;Женщины;Сельская местность;2703.0;2859.0;2941.0;2702.0;2608.0;2736.0;2620.0
Вологда;194;Женщины;Сельская местность;4160.0;3742.0;3742.0;3742.0;3742.0;3742.0;3742.0
Череповец;194;Женщины;Сельская местность;3345.0;3362.0;3362.0;3362.0;3362.0;3362.0;3362.0
Город Санкт-Петербург город федерального значения;400;Женщины;Сельская местность;97277.0;103157.0;95670.0;87777.0;89186.0;84759.0;81492.0
Краснодар;340;Женщины;Сельская местность;13115.0;13678.0;13678.0;13678.0;13678.0;13678.0;13678.0
Армавир;340;Женщины;Сельская местность;1877.0;1804.0;1804.0;1804.0;1804.0;1804.0;1804.0
Новороссийск;342;Женщины;Сельская местность;2628.0;2662.0;2662.0;2662.0;2662.0;2662.0;2662.0
Сочи;342;Женщины;Сельская местность;7213.0;7969.0;7969.0;7969.0;7969.0;7969.0;7969.0
Саратов;634;Женщины;Сельская местность;8449.0;8449.0;8449.0;8449.0;8449.0;8449.0;8449.0
Балаково;634;Женщины;Сельская местность;2009.0;2009.0;2009.0;2009.0;2009.0;2009.0;2009.0
Чита;764;Женщины;Сельская местность;4756.0;5130.0;5130.0;5130.0;5130.0;5130.0;5130.0
Томск;694;Женщины;Сельская местность;10780.0;10824.0;10824.0;10824.0;10824.0;10824.0;10824.0
Энгельс;634;Женщины;Сельская местность;2195.0;2195.0;2195.0;2195.0;2195.0;2195.0;2195.0
Северск;695;Женщины;Сельская местность;1327.0;1388.0;1388.0;1388.0;1388.0;1388.0;1388.0
Центральный федеральный округ;30;Мужчины;Городская местность;347087.0;375381.0;358490.0;314981.0;302551.0;304970.0;323816.0
Белгородская область;140;Мужчины;Городская местность;12689.0;13390.0;12533.0;9976.0;9547.0;9612.0;10779.0
Брянская область;150;Мужчины;Городская местность;11694.0;11947.0;10807.0;8945.0;8529.0;8441.0;7845.0
Владимирская область;170;Мужчины;Городская местность;12208.0;12613.0;11328.0;9045.0;9330.0;9259.0;8686.0
Воронежская область;200;Мужчины;Городская местность;17687.0;18285.0;18390.0;15061.0;13782.0;13526.0;12313.0
Ивановская область;240;Мужчины;Городская местность;10978.0;11204.0;10636.0;8745.0;8755.0;8020.0;7453.0
Калужская область;290;Мужчины;Городская местность;9577.0;9975.0;8130.0;7031.0;9532.0;9676.0;9149.0
Костромская область;340;Мужчины;Городская местность;6549.0;6942.0;6198.0;5444.0;4918.0;4379.0;4068.0
Курская область;380;Мужчины;Городская местность;9352.0;10186.0;9427.0;7375.0;7837.0;7912.0;6909.0
Липецкая область;420;Мужчины;Городская местность;7660.0;8193.0;7690.0;6116.0;6365.0;6101.0;5323.0
Московская область;460;Мужчины;Городская местность;89589.0;96022.0;93333.0;91447.0;84740.0;82906.0;86397.0
Орловская область;540;Мужчины;Городская местность;5948.0;6283.0;5391.0;3978.0;3661.0;3588.0;3246.0
Рязанская область;610;Мужчины;Городская местность;9877.0;10136.0;10039.0;8752.0;8269.0;8317.0;7906.0
Смоленская область;660;Мужчины;Городская местность;9654.0;9804.0;8858.0;7344.0;7839.0;7785.0;7153.0
Тамбовская область;680;Мужчины;Городская местность;7760.0;8187.0;7449.0;5843.0;5591.0;5152.0;4610.0
Тверская область;280;Мужчины;Городская местность;12254.0;11994.0;11931.0;9762.0;10163.0;9822.0;9438.0
Тульская область;700;Мужчины;Городская местность;11717.0;12232.0;11363.0;9262.0;9309.0;9457.0;8209.0
Ярославская область;780;Мужчины;Городская местность;10923.0;11383.0;10820.0;9611.0;8998.0;8873.0;8890.0
Город Москва столица Российской Федерации город федерального значения;450;Мужчины;Городская местность;90971.0;106605.0;104167.0;91244.0;85386.0;92144.0;115442.0
Северо-Западный федеральный округ;31;Мужчины;Городская местность;195114.0;198774.0;187554.0;165122.0;168780.0;158772.0;150646.0
Республика Карелия;860;Мужчины;Городская местность;7532.0;7525.0;6752.0;5526.0;5942.0;5148.0;4731.0
Республика Коми;870;Мужчины;Городская местность;14709.0;14338.0;12655.0;10344.0;10549.0;9765.0;9090.0
Архангельская область;110;Мужчины;Городская местность;15583.0;15711.0;14238.0;11571.0;12110.0;11781.0;11788.0
Ненецкий автономный округ (Архангельская область);111;Мужчины;Городская местность;819.0;886.0;746.0;628.0;666.0;634.0;614.0
Архангельская область (кроме Ненецкого автономного округа);110;Мужчины;Городская местность;14764.0;14825.0;13492.0;10943.0;11444.0;11147.0;11174.0
Вологодская область;190;Мужчины;Городская местность;9404.0;8737.0;7916.0;6433.0;6621.0;5624.0;5127.0
Вологда;194;Мужчины;Городская местность;3206.0;2690.0;2690.0;2690.0;2690.0;2690.0;2690.0
Череповец;194;Мужчины;Городская местность;3004.0;2973.0;2973.0;2973.0;2973.0;2973.0;2973.0
Калининградская область;270;Мужчины;Городская местность;10753.0;11362.0;11672.0;10241.0;11031.0;11093.0;10182.0
Ленинградская область;410;Мужчины;Городская местность;18462.0;18843.0;18909.0;19281.0;19956.0;18877.0;18946.0
Мурманская область;470;Мужчины;Городская местность;17878.0;17795.0;16474.0;13381.0;13161.0;12369.0;11527.0
Новгородская область;490;Мужчины;Городская местность;6808.0;6585.0;6351.0;5994.0;5891.0;5622.0;4984.0
Псковская область;580;Мужчины;Городская местность;8678.0;8239.0;8384.0;6911.0;6632.0;6424.0;6139.0
Город Санкт-Петербург город федерального значения;400;Мужчины;Городская местность;85307.0;89639.0;84203.0;75440.0;76887.0;72069.0;68132.0
Южный федеральный округ (с 29.07.2016);40;Мужчины;Городская местность;116271.0;118779.0;113341.0;103526.0;105627.0;105691.0;103739.0
Республика Адыгея (Адыгея);790;Мужчины;Городская местность;3241.0;3056.0;2841.0;2765.0;2684.0;2875.0;2786.0
Республика Калмыкия;850;Мужчины;Городская местность;3385.0;3337.0;3044.0;2435.0;2607.0;2765.0;2399.0
Республика Крым;350;Мужчины;Городская местность;7990.0;8630.0;9028.0;10075.0;9991.0;10358.0;9330.0
Краснодарский край;300;Мужчины;Городская местность;39168.0;38828.0;37803.0;33344.0;34130.0;33452.0;33560.0
Краснодар;340;Мужчины;Городская местность;11419.0;11462.0;11462.0;11462.0;11462.0;11462.0;11462.0
Армавир;340;Мужчины;Городская местность;1546.0;1544.0;1544.0;1544.0;1544.0;1544.0;1544.0
Новороссийск;342;Мужчины;Городская местность;2971.0;2779.0;2779.0;2779.0;2779.0;2779.0;2779.0
Сочи;342;Мужчины;Городская местность;5844.0;6483.0;6483.0;6483.0;6483.0;6483.0;6483.0
Астраханская область;120;Мужчины;Городская местность;7031.0;6858.0;6412.0;5943.0;6514.0;6309.0;5826.0
Волгоградская область;180;Мужчины;Городская местность;19861.0;20964.0;18894.0;16159.0;16218.0;16590.0;16268.0
Ростовская область;600;Мужчины;Городская местность;30286.0;30871.0;28985.0;25816.0;25696.0;25428.0;24897.0
Город федерального значения Севастополь;670;Мужчины;Городская местность;5309.0;6235.0;6334.0;6989.0;7787.0;7914.0;8673.0
Северо-Кавказский федеральный округ;38;Мужчины;Городская местность;48128.0;48146.0;46713.0;38411.0;38755.0;38182.0;35741.0
Республика Дагестан;820;Мужчины;Городская местность;11296.0;10726.0;10764.0;8579.0;8576.0;8707.0;7989.0
Республика Ингушетия;260;Мужчины;Городская местность;1707.0;1742.0;1722.0;1658.0;1760.0;1948.0;1500.0
Кабардино-Балкарская Республика;830;Мужчины;Городская местность;4170.0;4110.0;3737.0;2716.0;2797.0;2869.0;2608.0
Карачаево-Черкесская Республика;910;Мужчины;Городская местность;2187.0;2265.0;2400.0;2219.0;2437.0;2318.0;2298.0
Республика Северная Осетия-Алания;900;Мужчины;Городская местность;5108.0;5020.0;4708.0;3457.0;3284.0;3425.0;2857.0
Чеченская Республика;960;Мужчины;Городская местность;3727.0;4004.0;3631.0;2904.0;3418.0;3701.0;3145.0
Ставропольский край;700;Мужчины;Городская местность;19933.0;20279.0;19751.0;16878.0;16483.0;15214.0;15344.0
Приволжский федеральный округ;33;Мужчины;Городская местность;227261.0;232362.0;214425.0;184804.0;191415.0;181637.0;176217.0
Республика Башкортостан;800;Мужчины;Городская местность;32113.0;32810.0;31440.0;27484.0;28950.0;29093.0;29282.0
Республика Марий Эл;880;Мужчины;Городская местность;5558.0;5325.0;5627.0;4904.0;4904.0;4750.0;4533.0
Республика Мордовия;890;Мужчины;Городская местность;5841.0;5616.0;5381.0;4512.0;4544.0;4607.0;4371.0
Республика Татарстан (Татарстан);920;Мужчины;Городская местность;26770.0;27626.0;26156.0;23938.0;26328.0;22655.0;23331.0
Удмуртская Республика;940;Мужчины;Городская местность;10368.0;10785.0;9132.0;8316.0;9000.0;9041.0;8492.0
Чувашская Республика - Чувашия;970;Мужчины;Городская местность;10585.0;11028.0;9660.0;8574.0;8203.0;7707.0;7572.0
Пермский край;570;Мужчины;Городская местность;23319.0;24224.0;21356.0;18821.0;19644.0;17830.0;16937.0
Кировская область;330;Мужчины;Городская местность;14865.0;15717.0;15028.0;12522.0;13062.0;12699.0;12602.0
Нижегородская область;220;Мужчины;Городская местность;23301.0;23385.0;21824.0;18727.0;18795.0;18299.0;17220.0
Оренбургская область;530;Мужчины;Городская местность;12923.0;12424.0;11728.0;9701.0;10659.0;10047.0;9296.0
Пензенская область;560;Мужчины;Городская местность;9305.0;9336.0;8222.0;6464.0;6218.0;5919.0;5723.0
Самарская область;360;Мужчины;Городская местность;22370.0;23948.0;21256.0;17954.0;18821.0;17863.0;17162.0
Саратовская область;630;Мужчины;Городская местность;20873.0;20596.0;19148.0;15621.0;14880.0;14458.0;13488.0
Саратов;634;Мужчины;Городская местность;8227.0;8227.0;8227.0;8227.0;8227.0;8227.0;8227.0
Балаково;634;Мужчины;Городская местность;1733.0;1733.0;1733.0;1733.0;1733.0;1733.0;1733.0
Ульяновская область;730;Мужчины;Городская местность;9070.0;9542.0;8467.0;7266.0;7407.0;6669.0;6208.0
Уральский федеральный округ;34;Мужчины;Городская местность;139451.0;140426.0;130132.0;111249.0;115047.0;105858.0;99940.0
Курганская область;370;Мужчины;Городская местность;7746.0;8070.0;7275.0;6501.0;6723.0;5879.0;5563.0
Свердловская область;650;Мужчины;Городская местность;40794.0;41052.0;38077.0;32622.0;31709.0;28716.0;26490.0
Тюменская область;710;Мужчины;Городская местность;60085.0;59272.0;54370.0;46253.0;49103.0;46632.0;44145.0
Ханты-Мансийский автономный округ - Югра (Тюменская область);711;Мужчины;Городская местность;33023.0;31306.0;29032.0;24290.0;24290.0;24290.0;24290.0
Ямало-Ненецкий автономный округ (Тюменская область);711;Мужчины;Городская местность;15211.0;14849.0;12929.0;10637.0;10901.0;10764.0;9742.0
Тюменская область (кроме Ханты-Мансийского автономного округа-Югры и Ямало-Ненецкого автономного округа);710;Мужчины;Городская местность;11851.0;13117.0;12409.0;11326.0;11618.0;11368.0;10774.0
Челябинская область;750;Мужчины;Городская местность;30826.0;32032.0;30410.0;25873.0;27512.0;24631.0;23742.0
Сибирский федеральный округ;35;Мужчины;Городская местность;189792.0;189792.0;189792.0;189792.0;189792.0;189792.0;189792.0
Сибирский федеральный округ (с 03.11.2018);41;Мужчины;Городская местность;173310.0;173310.0;157315.0;134791.0;139065.0;132445.0;124457.0
Республика Алтай;840;Мужчины;Городская местность;1674.0;1512.0;1560.0;1297.0;1298.0;1351.0;1250.0
Республика Тыва;930;Мужчины;Городская местность;3164.0;3447.0;3006.0;2709.0;2888.0;3057.0;3032.0
Республика Хакасия;950;Мужчины;Городская местность;6269.0;6281.0;5824.0;5358.0;6010.0;5495.0;5426.0
Алтайский край;100;Мужчины;Городская местность;17560.0;18180.0;17502.0;13701.0;15170.0;13705.0;13060.0
Чита;764;Мужчины;Городская местность;4130.0;4471.0;4471.0;4471.0;4471.0;4471.0;4471.0
Красноярский край;400;Мужчины;Городская местность;37641.0;38753.0;36150.0;33059.0;34932.0;34142.0;33554.0
Иркутская область;250;Мужчины;Городская местность;23785.0;23620.0;19870.0;15746.0;15615.0;15564.0;14302.0
Кемеровская область - Кузбасс;320;Мужчины;Городская местность;28281.0;29938.0;26806.0;22492.0;23080.0;21624.0;20189.0
Новосибирская область;500;Мужчины;Городская местность;21723.0;22899.0;20060.0;18224.0;18967.0;18094.0;16432.0
Омская область;520;Мужчины;Городская местность;16088.0;16457.0;15086.0;12658.0;12532.0;11169.0;10036.0
Томская область;690;Мужчины;Городская местность;12569.0;12223.0;11451.0;9547.0;8573.0;8244.0;7176.0
Томск;694;Мужчины;Городская местность;9228.0;9000.0;9000.0;9000.0;9000.0;9000.0;9000.0
Дальневосточный федеральный округ;36;Мужчины;Городская местность;84888.0;84888.0;84888.0;84888.0;84888.0;84888.0;84888.0
Дальневосточный федеральный округ (с 03.11.2018);42;Мужчины;Городская местность;106165.0;106165.0;98471.0;85874.0;89246.0;86295.0;79468.0
Республика Бурятия;810;Мужчины;Городская местность;10738.0;11102.0;10477.0;9111.0;9992.0;9124.0;8692.0
Забайкальский край;760;Мужчины;Городская местность;10300.0;10717.0;9991.0;8428.0;8254.0;7824.0;7405.0
Республика Саха (Якутия);980;Мужчины;Городская местность;14278.0;13859.0;12907.0;11831.0;12366.0;12273.0;11368.0
Камчатский край;300;Мужчины;Городская местность;4335.0;4600.0;4205.0;3752.0;3857.0;3667.0;3466.0
Приморский край;500;Мужчины;Городская местность;23938.0;24515.0;22947.0;20139.0;21399.0;21024.0;18674.0
Хабаровский край;800;Мужчины;Городская местность;17498.0;16617.0;16072.0;13483.0;14518.0;14224.0;13572.0
Амурская область;100;Мужчины;Городская местность;9166.0;9048.0;8049.0;6929.0;6757.0;7085.0;6017.0
Магаданская область;440;Мужчины;Городская местность;3734.0;3912.0;3399.0;2903.0;3034.0;2722.0;2602.0
Сахалинская область;640;Мужчины;Городская местность;7796.0;7945.0;6421.0;5684.0;5491.0;4895.0;4618.0
Еврейская автономная область;990;Мужчины;Городская местность;1837.0;1554.0;1626.0;1342.0;1561.0;1418.0;1188.0
Чукотский автономный округ;770;Мужчины;Городская местность;2306.0;2296.0;2377.0;2272.0;2017.0;2039.0;1866.0
Энгельс;634;Мужчины;Городская местность;2134.0;2134.0;2134.0;2134.0;2134.0;2134.0;2134.0
Северск;695;Мужчины;Городская местность;1274.0;1326.0;1326.0;1326.0;1326.0;1326.0;1326.0
Центральный федеральный округ;30;Мужчины;Сельская местность;591491.0;631775.0;593044.0;509815.0;496417.0;485386.0;488746.0
Белгородская область;140;Мужчины;Сельская местность;27043.0;30084.0;28205.0;22526.0;22049.0;21040.0;24619.0
Брянская область;150;Мужчины;Сельская местность;24924.0;24965.0;22355.0;18637.0;18833.0;18069.0;16777.0
Владимирская область;170;Мужчины;Сельская местность;22656.0;23155.0;20492.0;16135.0;17446.0;16885.0;15418.0
Воронежская область;200;Мужчины;Сельская местность;42481.0;43175.0;41506.0;33949.0;32700.0;31338.0;27405.0
Ивановская область;240;Мужчины;Сельская местность;18382.0;18776.0;17896.0;14781.0;14675.0;13666.0;12439.0
Калужская область;290;Мужчины;Сельская местность;19315.0;19803.0;16388.0;14533.0;19058.0;19124.0;17313.0
Костромская область;340;Мужчины;Сельская местность;15821.0;16052.0;15312.0;13004.0;11694.0;10135.0;9602.0
Курская область;380;Мужчины;Сельская местность;22064.0;24668.0;22095.0;17681.0;17787.0;17706.0;15625.0
Липецкая область;420;Мужчины;Сельская местность;24080.0;25159.0;24370.0;19076.0;19897.0;17987.0;15055.0
Московская область;460;Мужчины;Сельская местность;129969.0;140410.0;133103.0;126543.0;117690.0;114802.0;117731.0
Орловская область;540;Мужчины;Сельская местность;14190.0;14917.0;12739.0;9394.0;8909.0;8524.0;7726.0
Рязанская область;610;Мужчины;Сельская местность;21745.0;23300.0;21939.0;18906.0;18201.0;17957.0;16776.0
Смоленская область;660;Мужчины;Сельская местность;19388.0;19416.0;17912.0;15044.0;15441.0;15589.0;14239.0
Тамбовская область;680;Мужчины;Сельская местность;22042.0;22677.0;20549.0;15619.0;14913.0;13758.0;11938.0
Тверская область;280;Мужчины;Сельская местность;24784.0;25144.0;24021.0;19912.0;20381.0;19564.0;17240.0
Тульская область;700;Мужчины;Сельская местность;26781.0;27184.0;24807.0;19830.0;20741.0;20195.0;17547.0
Ярославская область;780;Мужчины;Сельская местность;21901.0;22215.0;20512.0;17599.0;17012.0;16903.0;15854.0
Город Москва столица Российской Федерации город федерального значения;450;Мужчины;Сельская местность;93925.0;110675.0;108843.0;96646.0;88990.0;92144.0;115442.0
Северо-Западный федеральный округ;31;Мужчины;Сельская местность;293040.0;299766.0;281230.0;242284.0;248460.0;233162.0;221388.0
Республика Карелия;860;Мужчины;Сельская местность;14596.0;14341.0;12952.0;10296.0;11112.0;9650.0;8903.0
Республика Коми;870;Мужчины;Сельская местность;24209.0;23630.0;20387.0;17490.0;18327.0;16479.0;15656.0
Архангельская область;110;Мужчины;Сельская местность;29389.0;30027.0;27228.0;21403.0;23014.0;22107.0;22318.0
Ненецкий автономный округ (Архангельская область);111;Мужчины;Сельская местность;1465.0;1532.0;1400.0;1152.0;1098.0;1108.0;1020.0
Архангельская область (кроме Ненецкого автономного округа);110;Мужчины;Сельская местность;27924.0;28495.0;25828.0;20251.0;21916.0;20999.0;21298.0
Вологодская область;190;Мужчины;Сельская местность;22630.0;21167.0;18516.0;15373.0;15127.0;13240.0;11895.0
Калининградская область;270;Мужчины;Сельская местность;18277.0;19472.0;20768.0;18095.0;19571.0;18983.0;17914.0
Ленинградская область;410;Мужчины;Сельская местность;44618.0;47091.0;45213.0;39227.0;40562.0;39901.0;38728.0
Мурманская область;470;Мужчины;Сельская местность;21990.0;21971.0;20556.0;16933.0;16155.0;15591.0;14651.0
Новгородская область;490;Мужчины;Сельская местность;14492.0;14497.0;13717.0;13152.0;12765.0;11638.0;10300.0
Псковская область;580;Мужчины;Сельская местность;17532.0;17931.0;17690.0;14875.0;14940.0;13504.0;12891.0
Южный федеральный округ (с 29.07.2016);40;Мужчины;Сельская местность;260423.0;266321.0;252313.0;228106.0;236613.0;228423.0;225615.0
Республика Адыгея (Адыгея);790;Мужчины;Сельская местность;9829.0;9296.0;8443.0;7903.0;8966.0;8619.0;8812.0
Республика Калмыкия;850;Мужчины;Сельская местность;11033.0;11297.0;10664.0;8265.0;8801.0;9341.0;8319.0
Республика Крым;350;Мужчины;Сельская местность;22516.0;24222.0;24666.0;28467.0;27543.0;27036.0;23936.0
Краснодарский край;300;Мужчины;Сельская местность;92378.0;91530.0;86299.0;75114.0;79624.0;73870.0;75030.0
Астраханская область;120;Мужчины;Сельская местность;14805.0;14570.0;13650.0;12297.0;13328.0;12489.0;12234.0
Волгоградская область;180;Мужчины;Сельская местность;39227.0;41962.0;37676.0;31681.0;32704.0;31798.0;30452.0
Ростовская область;600;Мужчины;Сельская местность;64910.0;66875.0;64325.0;57052.0;57454.0;57034.0;57951.0
Город федерального значения Севастополь;670;Мужчины;Сельская местность;5725.0;6569.0;6590.0;7327.0;8193.0;8236.0;8881.0
Северо-Кавказский федеральный округ;38;Мужчины;Сельская местность;137588.0;142108.0;134811.0;108959.0;110491.0;108120.0;104329.0
Республика Дагестан;820;Мужчины;Сельская местность;42894.0;42836.0;39954.0;31927.0;31482.0;30451.0;28641.0
Республика Ингушетия;260;Мужчины;Сельская местность;3987.0;4352.0;3902.0;3418.0;3448.0;3836.0;3296.0
Кабардино-Балкарская Республика;830;Мужчины;Сельская местность;8674.0;8588.0;7725.0;5854.0;5803.0;6101.0;5632.0
Карачаево-Черкесская Республика;910;Мужчины;Сельская местность;7789.0;8467.0;8598.0;7609.0;8381.0;7778.0;7766.0
Республика Северная Осетия-Алания;900;Мужчины;Сельская местность;10212.0;10406.0;8836.0;6591.0;6142.0;6289.0;5901.0
Чеченская Республика;960;Мужчины;Сельская местность;14475.0;15116.0;13331.0;10342.0;11620.0;13605.0;11875.0
Ставропольский край;700;Мужчины;Сельская местность;49557.0;52343.0;52465.0;43218.0;43615.0;40060.0;41218.0
Приволжский федеральный округ;33;Мужчины;Сельская местность;515563.0;530468.0;498973.0;426532.0;454913.0;421261.0;405061.0
Республика Башкортостан;800;Мужчины;Сельская местность;93765.0;96722.0;94388.0;80472.0;91366.0;86279.0;87356.0
Республика Марий Эл;880;Мужчины;Сельская местность;12146.0;12039.0;13365.0;11822.0;11768.0;10954.0;10295.0
Республика Мордовия;890;Мужчины;Сельская местность;14603.0;15176.0;14305.0;11236.0;11926.0;11521.0;10817.0
Республика Татарстан (Татарстан);920;Мужчины;Сельская местность;52050.0;52804.0;49898.0;45722.0;50440.0;43763.0;43667.0
Удмуртская Республика;940;Мужчины;Сельская местность;30404.0;30717.0;26036.0;23282.0;25208.0;24419.0;23094.0
Чувашская Республика - Чувашия;970;Мужчины;Сельская местность;28703.0;31098.0;26222.0;22224.0;23165.0;20591.0;19514.0
Пермский край;570;Мужчины;Сельская местность;50805.0;53508.0;46318.0;40329.0;44218.0;39796.0;38251.0
Кировская область;330;Мужчины;Сельская местность;31611.0;32703.0;30946.0;26408.0;27066.0;25845.0;25258.0
Нижегородская область;220;Мужчины;Сельская местность;42703.0;43941.0;42704.0;37757.0;37607.0;34633.0;31940.0
Оренбургская область;530;Мужчины;Сельская местность;39105.0;38726.0;39528.0;32333.0;34907.0;32061.0;29356.0
Пензенская область;560;Мужчины;Сельская местность;21921.0;22034.0;20872.0;15682.0;14938.0;14281.0;13919.0
Самарская область;360;Мужчины;Сельская местность;38462.0;40506.0;39340.0;32536.0;35359.0;33005.0;31048.0
Саратовская область;630;Мужчины;Сельская местность;41229.0;41412.0;38654.0;32187.0;31576.0;30856.0;28404.0
Ульяновская область;730;Мужчины;Сельская местность;18056.0;19082.0;16397.0;14542.0;15369.0;13257.0;12142.0
Уральский федеральный округ;34;Мужчины;Сельская местность;227219.0;231606.0;213002.0;186251.0;192103.0;179126.0;167570.0
Курганская область;370;Мужчины;Сельская местность;21392.0;23364.0;21117.0;19661.0;19819.0;18299.0;16865.0
Свердловская область;650;Мужчины;Сельская местность;64800.0;65506.0;57031.0;50100.0;49833.0;45582.0;41960.0
Тюменская область;710;Мужчины;Сельская местность;86551.0;87358.0;81404.0;69669.0;72887.0;69174.0;64909.0
Ханты-Мансийский автономный округ - Югра (Тюменская область);711;Мужчины;Сельская местность;40021.0;38966.0;35788.0;30240.0;30240.0;30240.0;30240.0
Ямало-Ненецкий автономный округ (Тюменская область);711;Мужчины;Сельская местность;19457.0;18883.0;16787.0;13633.0;14391.0;13744.0;12356.0
Тюменская область (кроме Ханты-Мансийского автономного округа-Югры и Ямало-Ненецкого автономного округа);710;Мужчины;Сельская местность;27073.0;29509.0;28829.0;25796.0;25722.0;25166.0;23840.0
Челябинская область;750;Мужчины;Сельская местность;54476.0;55378.0;53450.0;46821.0;49564.0;46071.0;43836.0
Сибирский федеральный округ;35;Мужчины;Сельская местность;381010.0;381010.0;381010.0;381010.0;381010.0;381010.0;381010.0
Сибирский федеральный округ (с 03.11.2018);41;Мужчины;Сельская местность;343850.0;343850.0;315787.0;271521.0;288253.0;272993.0;262175.0
Республика Алтай;840;Мужчины;Сельская местность;9606.0;9546.0;9288.0;7603.0;8546.0;8341.0;7930.0
Республика Тыва;930;Мужчины;Сельская местность;7778.0;7927.0;6938.0;5701.0;7000.0;7649.0;7504.0
Республика Хакасия;950;Мужчины;Сельская местность;13733.0;13509.0;12394.0;11454.0;13004.0;11713.0;11808.0
Алтайский край;100;Мужчины;Сельская местность;52366.0;56130.0;54044.0;44283.0;47662.0;43693.0;41886.0
Красноярский край;400;Мужчины;Сельская местность;69273.0;71551.0;66772.0;61085.0;67450.0;65404.0;64050.0
Иркутская область;250;Мужчины;Сельская местность;39209.0;40092.0;33666.0;28178.0;28099.0;28196.0;27212.0
Кемеровская область - Кузбасс;320;Мужчины;Сельская местность;43207.0;44386.0;39320.0;33272.0;33658.0;31942.0;30419.0
Новосибирская область;500;Мужчины;Сельская местность;36593.0;39805.0;37652.0;34098.0;36011.0;33444.0;32694.0
Омская область;520;Мужчины;Сельская местность;36444.0;37499.0;34612.0;29056.0;30294.0;27647.0;25554.0
Томская область;690;Мужчины;Сельская местность;23519.0;23405.0;21101.0;16791.0;16529.0;14964.0;13118.0
Дальневосточный федеральный округ;36;Мужчины;Сельская местность;149544.0;149544.0;149544.0;149544.0;149544.0;149544.0;149544.0
Дальневосточный федеральный округ (с 03.11.2018);42;Мужчины;Сельская местность;201713.0;201713.0;189729.0;162600.0;177050.0;169695.0;158226.0
Республика Бурятия;810;Мужчины;Сельская местность;27740.0;28766.0;28651.0;24565.0;27754.0;25354.0;25016.0
Забайкальский край;760;Мужчины;Сельская местность;21542.0;22445.0;21373.0;17474.0;18316.0;16878.0;16141.0
Республика Саха (Якутия);980;Мужчины;Сельская местность;27524.0;28097.0;24811.0;21985.0;26634.0;25565.0;24256.0
Камчатский край;300;Мужчины;Сельская местность;6929.0;7296.0;6919.0;6356.0;6451.0;6403.0;5996.0
Приморский край;500;Мужчины;Сельская местность;43832.0;44223.0;42401.0;36261.0;39593.0;37880.0;34928.0
Хабаровский край;800;Мужчины;Сельская местность;28766.0;28537.0;27378.0;22325.0;25172.0;24658.0;23196.0
Амурская область;100;Мужчины;Сельская местность;19190.0;19518.0;17799.0;15539.0;15053.0;15905.0;12655.0
Магаданская область;440;Мужчины;Сельская местность;4366.0;4508.0;3953.0;3311.0;3418.0;3082.0;2910.0
Сахалинская область;640;Мужчины;Сельская местность;12446.0;12241.0;10051.0;9286.0;8831.0;8091.0;7836.0
Еврейская автономная область;990;Мужчины;Сельская местность;3487.0;3030.0;3106.0;2476.0;2995.0;3070.0;2572.0
Чукотский автономный округ;770;Мужчины;Сельская местность;3004.0;3052.0;3287.0;3022.0;2833.0;2809.0;2720.0
Вологда;194;Мужчины;Сельская местность;3206.0;2690.0;2690.0;2690.0;2690.0;2690.0;2690.0
Череповец;194;Мужчины;Сельская местность;3004.0;2973.0;2973.0;2973.0;2973.0;2973.0;2973.0
Город Санкт-Петербург город федерального значения;400;Мужчины;Сельская местность;85307.0;89639.0;84203.0;75440.0;76887.0;72069.0;68132.0
Краснодар;340;Мужчины;Сельская местность;11419.0;11462.0;11462.0;11462.0;11462.0;11462.0;11462.0
Армавир;340;Мужчины;Сельская местность;1546.0;1544.0;1544.0;1544.0;1544.0;1544.0;1544.0
Новороссийск;342;Мужчины;Сельская местность;2971.0;2779.0;2779.0;2779.0;2779.0;2779.0;2779.0
Сочи;342;Мужчины;Сельская местность;5844.0;6483.0;6483.0;6483.0;6483.0;6483.0;6483.0
Саратов;634;Мужчины;Сельская местность;8227.0;8227.0;8227.0;8227.0;8227.0;8227.0;8227.0
Балаково;634;Мужчины;Сельская местность;1733.0;1733.0;1733.0;1733.0;1733.0;1733.0;1733.0
Чита;764;Мужчины;Сельская местность;4130.0;4471.0;4471.0;4471.0;4471.0;4471.0;4471.0
Томск;694;Мужчины;Сельская местность;9228.0;9000.0;9000.0;9000.0;9000.0;9000.0;9000.0
Энгельс;634;Мужчины;Сельская местность;2134.0;2134.0;2134.0;2134.0;2134.0;2134.0;2134.0
Северск;695;Мужчины;Сельская местность;1274.0;1326.0;1326.0;1326.0;1326.0;1326.0;1326.0
